python_file,python_symbol,py_args,py_ret,rust_file,rust_symbol,rust_args,rust_ret,struct_flag,hand_audit,deviation,commit,notes
data/dataloader.py,LFM2DataLoader.__init__,"(dataset_path: str, context_length: int)",None,data/dataloader.rs,LFM2DataLoader::new,"(impl Into < std :: path :: PathBuf >, usize, Vec < RawRow >, Device)",Self,ok,FAITHFUL,ctor-split,—,inline load split into new(rows)+load_from_disk(path); device explicit; DEFAULT_CONTEXT_LENGTH=4096
data/dataloader.py,LFM2DataLoader.__len__,(),int,data/dataloader.rs,LFM2DataLoader::len,(),usize,ok,FAITHFUL,—,—,len(dataset)==rows.len()
data/dataloader.py,LFM2DataLoader.__getitem__,(idx: int),LFM2AudioRow,data/dataloader.rs,LFM2DataLoader::get,(usize),Result < LFM2AudioRow >,ok,FIXED,dtype int64->u32,7fccde8,padding dims/values + overlong-check faithful; was narrowing long->U32 fixed to I64; supervision bool->U8 (no candle bool)
data/dataloader.py,lfm2_collator,(batch: list[LFM2AudioRow]),LFM2AudioModelInput,data/dataloader.rs,lfm2_collator,(& [LFM2AudioRow]),Result < LFM2AudioModelInput >,ok,FAITHFUL,—,—,all 6 torch.cat dims match (audio_in/text/audio_out dim=1; lens/modality/supervision dim=0)
data/mapper.py,LFM2AudioChatMapper.__init__,"(processor: LFM2AudioProcessor, codebooks: int, interleaved_text_tokens: int, interleaved_audio_tokens: int)",None,data/mapper.rs,LFM2AudioChatMapper < 'a >::new,"(& 'a LFM2AudioProcessor, usize, usize, usize)",Self,ok,FAITHFUL,—,—,codebooks + interleave knobs
data/mapper.py,LFM2AudioChatMapper.__call__,(messages: list[ChatMessage]),LFM2AudioTrainingSample,data/mapper.rs,LFM2AudioChatMapper < 'a >::call,(& [ChatMessage]),Result < LFM2AudioTrainingSample >,ok,FIXED,dtype int64->u32,7fbfa1f,control flow (startoftext/im_start/segments/im_end + 3 cats) faithful; finish casts text/audio_out to I64
data/mapper.py,LFM2AudioChatMapper._append_interleaved_out,"(text: str, audio: bytes, text_parts: list[torch.Tensor], audio_out_parts: list[torch.Tensor], modality_seq: list[int], supervision_seq: list[bool])",None,data/mapper.rs,LFM2AudioChatMapper < 'a >::append_interleaved_out,"(& InterleavedSegment, & mut Acc)",Result < () >,ARITY py6/rs2,FIXED,dtype int64->u32,7fbfa1f,push text/audio_out parts; modality i64
data/mapper.py,LFM2AudioChatMapper._append_text,"(text: str, supervised: bool, text_parts: list[torch.Tensor], modality_seq: list[int], supervision_seq: list[bool])",None,data/mapper.rs,LFM2AudioChatMapper < 'a >::append_text,"(& str, bool, & mut Acc)",Result < () >,ARITY py5/rs3,FIXED,dtype int64->u32,7fbfa1f,modality as i64; out-params grouped to &mut Acc
data/mapper.py,LFM2AudioChatMapper._append_audio_in,"(wav: torch.Tensor, sampling_rate: int, mel_parts: list[torch.Tensor], audio_in_lens: list[int], modality_seq: list[int], supervision_seq: list[bool])",None,data/mapper.rs,LFM2AudioChatMapper < 'a >::append_audio_in,"(& Tensor, u32, & mut Acc)",Result < () >,ARITY py6/rs3,FIXED,dtype int64->u32,7fbfa1f,resample+mel; lens/modality i64 (real work not stub)
data/mapper.py,LFM2AudioChatMapper._append_audio_out,"(wav: torch.Tensor, sampling_rate: int, audio_out_parts: list[torch.Tensor], modality_seq: list[int], supervision_seq: list[bool])",None,data/mapper.rs,LFM2AudioChatMapper < 'a >::append_audio_out,"(& Tensor, u32, & mut Acc)",Result < () >,ARITY py5/rs3,FIXED,dtype int64->u32,7fbfa1f,mimi.encode codes + EOAudio frame; modality i64
data/mapper.py,LFM2AudioChatMapper._encode_audio_out,"(wav: torch.Tensor, sampling_rate: int)",torch.Tensor,data/mapper.rs,LFM2AudioChatMapper < 'a >::encode_audio_out,"(& Tensor, u32)",Result < Tensor >,ok,FAITHFUL,—,—,resample to codec rate + mimi.encode + append EOAudio(2048)
data/mapper.py,LFM2AudioChatMapper._load_audio_bytes,(audio: bytes),"tuple[torch.Tensor, int]",data/mapper.rs,LFM2AudioChatMapper < 'a >::load_audio_bytes,(& [u8]),"Result < (Tensor , u32) >",ok,FAITHFUL,soundfile->symphonia,—,decode encoded-audio bytes to mono f32 waveform
data/preprocess.py,preprocess_dataset,"(data: Iterable[list[ChatMessage]], output_path: str | Path, mapper: LFM2AudioChatMapper, max_context_length: int)",None,data/preprocess.rs,preprocess_dataset,"(impl IntoIterator < Item = Vec < ChatMessage > >, impl AsRef < Path >, & impl ChatMapper, i64)",Result < usize >,ok,FAITHFUL,RET None->Result<usize>,—,iterate->map->filter(0<=max_ctx<len)->save_to_disk; ChatMapper trait = the Python mapper callable; returns kept-row count
data/types.py,LFM2AudioModelInput.to,(device: torch.device | str),LFM2AudioModelInput,data/types.rs,LFM2AudioModelInput::to,(& Device),Result < Self >,ok,FAITHFUL,—,—,.to(device) on all 6 fields
detokenizer.py,FusedEmbedding.__init__,"(dim: int, codeboooks: int, vocab_size: int)",∅,detokenizer.rs,FusedEmbedding::new,(VarBuilder),Result < Self >,ok,FAITHFUL,—,—,nn.Embedding(codebooks*vocab_size dim); per-codebook offsets precomputed in new
detokenizer.py,FusedEmbedding.forward,(x: torch.Tensor),torch.Tensor,detokenizer.rs,FusedEmbedding::forward,(& Tensor),Result < Tensor >,ok,FAITHFUL,transposed layout,—,Python (B codebooks T) mean(1); Rust decode transposes to (B T codebooks) mean(2) — per-codebook offset c*vocab+x identical and mean order-invariant -> same (B T dim)
detokenizer.py,ISTFT.__init__,"(n_fft: int, hop_length: int, win_length: int, padding: str)",∅,detokenizer.rs,Istft::new,"(usize, usize, usize, VarBuilder)",Result < Self >,ok,FAITHFUL,buffer load vs recompute,—,hann window is a registered buffer (in checkpoint); Rust loads via vb.get('window') instead of torch.hann_window; n_fft=1280 hop=320 win=1280 same-pad
detokenizer.py,ISTFT.forward,(spec: torch.Tensor),torch.Tensor,detokenizer.rs,Istft::forward,"(& Tensor, & Tensor)",Result < Tensor >,ARITY py1/rs2,FIXED,dtype/algorithm,8da5ec0,candle-native f32 irfft (inverse-DFT matmul)+conv_transpose1d OLA; was f64 rustfft; bf16 spec cast to f32; ==f64 ref 1.4e-7 + e2e
detokenizer.py,LFM2AudioDetokenizer.__init__,(backbone_config: Lfm2Config),∅,detokenizer.rs,LFM2AudioDetokenizer::new,"(Lfm2Config, usize, VarBuilder)",Result < Self >,ok,FAITHFUL,—,—,FusedEmbedding(512)+Lfm2Model(backbone_config)+Linear(512 1282)+ISTFT(1280 320 1280 same)+sliding_window(getattr default 30)
detokenizer.py,LFM2AudioDetokenizer.forward,(x: torch.Tensor),torch.Tensor,detokenizer.rs,LFM2AudioDetokenizer::forward,(& Tensor),Result < Tensor >,ok,FAITHFUL,—,702b6be,FusedEmbedding->x6 upsample->Lfm2Model(sliding mask)->lin->polar->istft; e2e on full HF snapshot
model/conformer/encoder.py,ConformerEncoder.input_example,"(max_batch, max_dim)",∅,model/conformer/encoder.rs,ConformerEncoder::input_example,"(usize, usize)",(),ok,STUB,off-path,—,NeMo tracing/export input generator; no-op stub
model/conformer/encoder.py,ConformerEncoder.disabled_deployment_input_names,(),∅,model/conformer/encoder.rs,ConformerEncoder::disabled_deployment_input_names,(),Vec < & 'static str >,ok,STUB,off-path,—,deployment inventory; returns name list
model/conformer/encoder.py,ConformerEncoder.disabled_deployment_output_names,(),∅,model/conformer/encoder.rs,ConformerEncoder::disabled_deployment_output_names,(),Vec < & 'static str >,ok,STUB,off-path,—,deployment inventory; returns name list
model/conformer/encoder.py,ConformerEncoder.__init__,"(feat_in, n_layers, d_model, feat_out, causal_downsampling, subsampling, subsampling_factor, subsampling_conv_chunking_factor, subsampling_conv_channels, reduction, reduction_position, reduction_factor, ff_expansion_factor, self_attention_model, n_heads, att_context_size, att_context_probs, att_context_style, xscaling, untie_biases, pos_emb_max_len, conv_kernel_size, conv_norm_type, conv_context_size, use_bias, dropout, dropout_pre_encoder, dropout_emb, dropout_att, stochastic_depth_drop_prob: float, stochastic_depth_mode: str, stochastic_depth_start_layer: int, global_tokens: int, global_tokens_spacing: int, global_attn_separate: bool, use_pytorch_sdpa: bool, use_pytorch_sdpa_backends, sync_max_audio_length: bool)",∅,model/conformer/encoder.rs,ConformerEncoder::new,"(& ConformerEncoderConfig, VarBuilder)",Result < Self >,ok,FAITHFUL,ctor (vb),—,builds pre_encode(subsampling)+pos_enc(RelPositionalEncoding)+ConformerLayer*+out_proj; conformer_stages parity 5.6e-7
model/conformer/encoder.py,ConformerEncoder.forward_for_export,"(audio_signal, length, cache_last_channel, cache_last_time, cache_last_channel_len)",∅,model/conformer/encoder.rs,ConformerEncoder::forward_for_export,(& Tensor),Result < Tensor >,ARITY py5/rs1,STUB,off-path,—,ONNX/TorchScript export wrapper; no export path -> delegates to forward
model/conformer/encoder.py,ConformerEncoder.streaming_post_process,"(rets, keep_all_outputs)",∅,model/conformer/encoder.rs,ConformerEncoder::streaming_post_process,(Tensor),Tensor,ARITY py2/rs1,STUB,off-path,—,cache-aware streaming post-process; offline passthrough (returns rets)
model/conformer/encoder.py,ConformerEncoder.forward,"(audio_signal, length, cache_last_channel, cache_last_time, cache_last_channel_len, bypass_pre_encode)",∅,model/conformer/encoder.rs,ConformerEncoder::forward,(& Tensor),Result < Tensor >,ARITY py6/rs1,FAITHFUL,—,—,transpose->pre_encode->pos_enc->layers(no mask offline)->out_proj->transpose; == Python forward_internal core; parity 5.6e-7
model/conformer/encoder.py,ConformerEncoder.forward_internal,"(audio_signal, length, cache_last_channel, cache_last_time, cache_last_channel_len, bypass_pre_encode)",∅,model/conformer/encoder.rs,ConformerEncoder::forward_internal,(& Tensor),Result < Tensor >,ARITY py6/rs1,FAITHFUL,alias,—,Rust forward IS forward_internal (Python public forward length-handles then calls it); kept as alias for 1:1
model/conformer/encoder.py,ConformerEncoder.update_max_seq_length,"(seq_length: int, device)",∅,model/conformer/encoder.rs,ConformerEncoder::update_max_seq_length,"(usize, & candle_core :: Device)",(),ok,STUB,off-path,—,grow cached pos-enc table; Rust computes rel-pos on the fly -> no-op
model/conformer/encoder.py,ConformerEncoder.set_max_audio_length,(max_audio_length),∅,model/conformer/encoder.rs,ConformerEncoder::set_max_audio_length,(usize),(),ok,STUB,off-path,—,see update_max_seq_length; no-op
model/conformer/encoder.py,ConformerEncoder._create_masks,"(att_context_size, padding_length, max_audio_length, offset, device)",∅,model/conformer/encoder.rs,ConformerEncoder::create_masks,(),"(Option < Tensor > , Option < Tensor >)",ARITY py5/rs0,FAITHFUL,SIMPLIFIED-offline,—,returns (None None): offline unlimited-context [-1 -1] single unpadded clip -> Python masks reduce to all-False = no masking == None; general triu/tril/chunked_limited NOT ported (needed only for streaming/limited-context configs this model does not use)
model/conformer/encoder.py,ConformerEncoder.enable_pad_mask,(on),∅,model/conformer/encoder.rs,ConformerEncoder::enable_pad_mask,(bool),bool,ok,STUB,off-path,—,toggle pad masking; offline no pad mask -> returns false (prev state)
model/conformer/encoder.py,ConformerEncoder._calc_context_sizes,"(att_context_size, att_context_probs, att_context_style, conv_context_size, conv_kernel_size)",∅,model/conformer/encoder.rs,ConformerEncoder::calc_context_sizes,"(Option < Vec < i64 > >, Option < Vec < Vec < i64 > > >, Option < Vec < f64 > >, & str, Option < ConvContextSize >, i64)","Result < (Vec < Vec < i64 > > , Vec < i64 > , Vec < f64 > , ConvContextSize) >",ARITY py5/rs6,FAITHFUL,off-path,—,1:1 port of the context-size helper (Python union list[int]/list[list[int]] split into flat/list-of-list args); off-path (offline uses [-1 -1]); ported for inventory
model/conformer/encoder.py,ConformerEncoder.set_default_att_context_size,(att_context_size),∅,model/conformer/encoder.rs,ConformerEncoder::set_default_att_context_size,"((i64 , i64))",(),ok,STUB,off-path,—,streaming att context setter; no-op
model/conformer/encoder.py,ConformerEncoder.setup_streaming_params,"(chunk_size: int, shift_size: int, left_chunks: int, att_context_size: list, max_context: int)",∅,model/conformer/encoder.rs,ConformerEncoder::setup_streaming_params,(),(),ARITY py5/rs0,STUB,off-path,—,cache-aware streaming setup; no-op
model/conformer/encoder.py,ConformerEncoder.get_initial_cache_state,"(batch_size, dtype, device, max_dim)",∅,model/conformer/encoder.rs,ConformerEncoder::get_initial_cache_state,(),Option < Tensor >,ARITY py4/rs0,STUB,off-path,—,streaming cache init; returns None
model/conformer/encoder.py,ConformerEncoder.change_attention_model,"(self_attention_model: str, att_context_size: list[int], update_config: bool, device: torch.device)",∅,model/conformer/encoder.rs,ConformerEncoder::change_attention_model,(& str),(),ARITY py4/rs1,STUB,off-path,—,dynamic attention reconfig; no-op
model/conformer/encoder.py,ConformerEncoder.change_subsampling_conv_chunking_factor,(subsampling_conv_chunking_factor: int),∅,model/conformer/encoder.rs,ConformerEncoder::change_subsampling_conv_chunking_factor,(i64),Result < () >,ok,STUB,off-path,—,conv chunking reconfig; inventory stub
model/conformer/mha.py,PositionalEncoding.__init__,"(d_model, dropout_rate, max_len, xscale, dropout_rate_emb)",∅,model/conformer/mha.rs,PositionalEncoding::new,"(usize, usize, Option < f64 >)",Self,ok,TODO,,,
model/conformer/mha.py,PositionalEncoding.create_pe,"(positions, dtype)",∅,model/conformer/mha.rs,PositionalEncoding::create_pe,"(& Tensor, DType)",Result < Tensor >,ok,TODO,,,
model/conformer/mha.py,PositionalEncoding.extend_pe,"(length, device, dtype)",∅,model/conformer/mha.rs,PositionalEncoding::extend_pe,"(usize, & Device, DType)",Result < Tensor >,ok,TODO,,,
model/conformer/mha.py,PositionalEncoding.forward,"(x: torch.Tensor, cache_len)",∅,model/conformer/mha.rs,PositionalEncoding::forward,"(& Tensor, usize)","Result < (Tensor , Tensor) >",ok,TODO,,,
model/conformer/mha.py,RelPositionalEncoding.extend_pe,"(length, device, dtype)",∅,model/conformer/mha.rs,RelPositionalEncoding::extend_pe,"(usize, & Device, DType)",Result < Tensor >,ok,TODO,,,
model/conformer/mha.py,RelPositionalEncoding.forward,"(x, cache_len)",∅,model/conformer/mha.rs,RelPositionalEncoding::forward,(& Tensor),"Result < (Tensor , Tensor) >",ARITY py2/rs1,TODO,,,
model/conformer/mha.py,MultiHeadAttention.__init__,"(n_head, n_feat, dropout_rate, max_cache_len, use_bias, use_pytorch_sdpa, use_pytorch_sdpa_backends)",∅,model/conformer/mha.rs,MultiHeadAttention::new,"(usize, usize, bool, VarBuilder)",Result < Self >,ok,TODO,,,
model/conformer/mha.py,MultiHeadAttention.forward_qkv,"(query, key, value)",∅,model/conformer/mha.rs,MultiHeadAttention::forward_qkv,"(& Tensor, & Tensor, & Tensor)","Result < (Tensor , Tensor , Tensor) >",ok,TODO,,,
model/conformer/mha.py,MultiHeadAttention.forward_attention,"(value, scores, mask)",∅,model/conformer/mha.rs,MultiHeadAttention::forward_attention,"(& Tensor, & Tensor, Option < & Tensor >)",Result < Tensor >,ok,TODO,,,
model/conformer/mha.py,MultiHeadAttention.forward,"(query, key, value, mask, pos_emb, cache)",∅,model/conformer/mha.rs,MultiHeadAttention::forward,"(& Tensor, & Tensor, & Tensor, Option < & Tensor >)",Result < Tensor >,ARITY py6/rs4,TODO,,,
model/conformer/mha.py,MultiHeadAttention.update_cache,"(key, value, query, cache)",∅,model/conformer/mha.rs,MultiHeadAttention::update_cache,"(& Tensor, & Tensor, & Tensor, Option < & Tensor >)","Result < (Tensor , Tensor , Tensor , Option < Tensor >) >",ok,TODO,,,
model/conformer/mha.py,RelPositionMultiHeadAttention.__init__,"(n_head, n_feat, dropout_rate, pos_bias_u, pos_bias_v, max_cache_len, use_bias, use_pytorch_sdpa, use_pytorch_sdpa_backends)",∅,model/conformer/mha.rs,RelPositionMultiHeadAttention::new,"(usize, usize, bool, VarBuilder)",Result < Self >,ok,TODO,,,
model/conformer/mha.py,RelPositionMultiHeadAttention.rel_shift,(x),∅,model/conformer/mha.rs,RelPositionMultiHeadAttention::rel_shift,(& Tensor),Result < Tensor >,ok,TODO,,,
model/conformer/mha.py,RelPositionMultiHeadAttention.forward,"(query, key, value, mask, pos_emb, cache)",∅,model/conformer/mha.rs,RelPositionMultiHeadAttention::forward,"(& Tensor, & Tensor, & Tensor, Option < & Tensor >, & Tensor)",Result < Tensor >,ARITY py6/rs5,TODO,,,
model/conformer/modules.py,ConformerLayer.__init__,"(d_model, d_ff, self_attention_model, global_tokens, global_tokens_spacing, global_attn_separate, n_heads, conv_kernel_size, conv_norm_type, conv_context_size, dropout, dropout_att, pos_bias_u, pos_bias_v, att_context_size, use_bias, use_pytorch_sdpa, use_pytorch_sdpa_backends)",∅,model/conformer/modules.rs,ConformerLayer::new,"(usize, usize, usize, usize, bool, VarBuilder)",Result < Self >,ok,TODO,,,
model/conformer/modules.py,ConformerLayer.forward,"(x, att_mask, pos_emb, pad_mask, cache_last_channel, cache_last_time)",∅,model/conformer/modules.rs,ConformerLayer::forward,"(& Tensor, Option < & Tensor >, & Tensor, Option < & Tensor >)",Result < Tensor >,ARITY py6/rs4,TODO,,,
model/conformer/modules.py,ConformerConvolution.__init__,"(d_model, kernel_size, norm_type, conv_context_size, pointwise_activation, use_bias)",∅,model/conformer/modules.rs,ConformerConvolution::new,"(usize, usize, bool, VarBuilder)",Result < Self >,ok,TODO,,,
model/conformer/modules.py,ConformerConvolution.forward,"(x, pad_mask, cache)",∅,model/conformer/modules.rs,ConformerConvolution::forward,"(& Tensor, Option < & Tensor >)",Result < Tensor >,ARITY py3/rs2,TODO,,,
model/conformer/modules.py,ConformerConvolution.reset_parameters_conv,(),∅,model/conformer/modules.rs,ConformerConvolution::reset_parameters_conv,(),(),ok,TODO,,,
model/conformer/modules.py,ConformerFeedForward.__init__,"(d_model, d_ff, dropout, activation, use_bias)",∅,model/conformer/modules.rs,ConformerFeedForward::new,"(usize, usize, VarBuilder)",Result < Self >,ok,TODO,,,
model/conformer/modules.py,ConformerFeedForward.forward,(x),∅,model/conformer/modules.rs,ConformerFeedForward::forward,(& Tensor),Result < Tensor >,ok,TODO,,,
model/conformer/modules.py,ConformerFeedForward.reset_parameters_ff,(),∅,model/conformer/modules.rs,ConformerFeedForward::reset_parameters_ff,(),(),ok,TODO,,,
model/conformer/modules.py,CausalConv1D.__init__,"(in_channels: int, out_channels: int, kernel_size: int, stride: int, padding: str | int, dilation: int, groups: int, bias: bool, padding_mode: str, device, dtype)",None,model/conformer/modules.rs,CausalConv1D::new,"(usize, usize, usize, usize, CausalPadding, usize, VarBuilder)",Result < Self >,ok,TODO,,,
model/conformer/modules.py,CausalConv1D.update_cache,"(x, cache)",∅,model/conformer/modules.rs,CausalConv1D::update_cache,"(& Tensor, Option < & Tensor >)","Result < (Tensor , Option < Tensor >) >",ok,TODO,,,
model/conformer/modules.py,CausalConv1D.forward,"(x, cache)",∅,model/conformer/modules.rs,CausalConv1D::forward,"(& Tensor, Option < & Tensor >)","Result < (Tensor , Option < Tensor >) >",ok,TODO,,,
model/conformer/processor.py,AudioPreprocessor.__init__,"(win_length, hop_length)",∅,model/conformer/processor.rs,AudioPreprocessor::new,"(usize, usize)",Self,ok,TODO,,,
model/conformer/processor.py,AudioPreprocessor.forward,"(input_signal, length)",∅,model/conformer/processor.rs,AudioPreprocessor::forward,(& Tensor),Result < Tensor >,ARITY py2/rs1,TODO,,,
model/conformer/processor.py,AudioPreprocessor.get_features,"(input_signal, length)",∅,model/conformer/processor.rs,AudioPreprocessor::get_features,"(& Tensor, Option < & Tensor >)","Result < (Tensor , Option < Tensor >) >",ok,TODO,,,
model/conformer/processor.py,AudioToMelSpectrogramPreprocessor.save_to,(save_path: str),∅,model/conformer/processor.rs,AudioToMelSpectrogramPreprocessor::save_to,(& str),(),ok,TODO,,,
model/conformer/processor.py,AudioToMelSpectrogramPreprocessor.restore_from,(restore_path: str),∅,model/conformer/processor.rs,AudioToMelSpectrogramPreprocessor::restore_from,(& str),(),ok,TODO,,,
model/conformer/processor.py,AudioToMelSpectrogramPreprocessor.__init__,"(sample_rate, window_size, window_stride, n_window_size, n_window_stride, window, normalize, n_fft, preemph, features, lowfreq, highfreq, log, log_zero_guard_type, log_zero_guard_value, dither, pad_to, frame_splicing, exact_pad, pad_value, mag_power, rng, nb_augmentation_prob, nb_max_freq, use_torchaudio: bool, mel_norm, stft_exact_pad, stft_conv)",∅,model/conformer/processor.rs,AudioToMelSpectrogramPreprocessor::new,(FilterbankFeatures),Self,ok,TODO,,,
model/conformer/processor.py,AudioToMelSpectrogramPreprocessor.input_example,"(max_batch: int, max_dim: int, min_length: int)",∅,model/conformer/processor.rs,AudioToMelSpectrogramPreprocessor::input_example,"(usize, usize, usize)",(),ok,TODO,,,
model/conformer/processor.py,AudioToMelSpectrogramPreprocessor.get_features,"(input_signal, length)",∅,model/conformer/processor.rs,AudioToMelSpectrogramPreprocessor::get_features,"(& Tensor, Option < & Tensor >)","Result < (Tensor , Option < Tensor >) >",ok,TODO,,,
model/conformer/processor.py,AudioToMelSpectrogramPreprocessor.filter_banks,(),∅,model/conformer/processor.rs,AudioToMelSpectrogramPreprocessor::filter_banks,(),& Tensor,ok,TODO,,,
model/conformer/processor.py,FilterbankFeatures.__init__,"(sample_rate, n_window_size, n_window_stride, window, normalize, n_fft, preemph, nfilt, lowfreq, highfreq, log, log_zero_guard_type, log_zero_guard_value, dither, pad_to, max_duration, frame_splicing, exact_pad, pad_value, mag_power, use_grads, rng, nb_augmentation_prob, nb_max_freq, mel_norm, stft_exact_pad, stft_conv)",∅,model/conformer/processor.rs,FilterbankFeatures::new,"(MelConfig, & Device)",Result < Self >,ok,TODO,,,
model/conformer/processor.py,FilterbankFeatures.stft,(x),∅,model/conformer/processor.rs,FilterbankFeatures::stft,(& Tensor),"Result < (Tensor , Tensor) >",ok,FAITHFUL,algorithm torch.stft->Conv1d-DFT,55acb23,windowed real-DFT as Conv1d kernel (stride=hop) f32 on-device; mel 1.18e-5 vs torch golden
model/conformer/processor.py,FilterbankFeatures.log_zero_guard_value_fn,(x),∅,model/conformer/processor.rs,FilterbankFeatures::log_zero_guard_value_fn,(& Tensor),f64,ok,TODO,,,
model/conformer/processor.py,FilterbankFeatures.get_seq_len,(seq_len),∅,model/conformer/processor.rs,FilterbankFeatures::get_seq_len,(usize),usize,ok,TODO,,,
model/conformer/processor.py,FilterbankFeatures.filter_banks,(),∅,model/conformer/processor.rs,FilterbankFeatures::filter_banks,(),& Tensor,ok,TODO,,,
model/conformer/processor.py,FilterbankFeatures.forward,"(x, seq_len, linear_spec)",∅,model/conformer/processor.rs,FilterbankFeatures::forward,(& Tensor),Result < Tensor >,ARITY py3/rs1,FAITHFUL,f32-on-device,55acb23,preemph->stft->mag^power->mel->log->per-feature norm all candle f32 on device; conformer-through-mel 5.6e-7
model/conformer/processor.py,normalize_batch,"(x, seq_len, normalize_type)",∅,model/conformer/processor.rs,normalize_batch,"(& Tensor, usize)",Result < Tensor >,ARITY py3/rs2,TODO,,,
model/conformer/subsampling.py,ConvSubsampling.__init__,"(subsampling, subsampling_factor, feat_in, feat_out, conv_channels, subsampling_conv_chunking_factor, activation, is_causal)",∅,model/conformer/subsampling.rs,ConvSubsampling::new,"(usize, usize, usize, usize, VarBuilder)",Result < Self >,ok,TODO,,,
model/conformer/subsampling.py,ConvSubsampling.get_sampling_frames,(),∅,model/conformer/subsampling.rs,ConvSubsampling::get_sampling_frames,(),[usize ; 2],ok,TODO,,,
model/conformer/subsampling.py,ConvSubsampling.get_streaming_cache_size,(),∅,model/conformer/subsampling.rs,ConvSubsampling::get_streaming_cache_size,(),[usize ; 2],ok,TODO,,,
model/conformer/subsampling.py,ConvSubsampling.forward,"(x, lengths)",∅,model/conformer/subsampling.rs,ConvSubsampling::forward,(& Tensor),Result < Tensor >,ARITY py2/rs1,TODO,,,
model/conformer/subsampling.py,ConvSubsampling.reset_parameters,(),∅,model/conformer/subsampling.rs,ConvSubsampling::reset_parameters,(),(),ok,TODO,,,
model/conformer/subsampling.py,ConvSubsampling.conv_split_by_batch,"(x, lengths)",∅,model/conformer/subsampling.rs,ConvSubsampling::conv_split_by_batch,"(& Tensor, Vec < usize >)","Result < (Tensor , Vec < usize > , bool) >",ok,TODO,,,
model/conformer/subsampling.py,ConvSubsampling.conv_split_by_channel,(x),∅,model/conformer/subsampling.rs,ConvSubsampling::conv_split_by_channel,(& Tensor),Result < Tensor >,ok,TODO,,,
model/conformer/subsampling.py,ConvSubsampling.channel_chunked_conv,"(conv, chunk_size, x)",∅,model/conformer/subsampling.rs,ConvSubsampling::channel_chunked_conv,"(& Conv2d, usize, & Tensor)",Result < Tensor >,ok,TODO,,,
model/conformer/subsampling.py,ConvSubsampling.change_subsampling_conv_chunking_factor,(subsampling_conv_chunking_factor: int),∅,model/conformer/subsampling.rs,ConvSubsampling::change_subsampling_conv_chunking_factor,(i64),Result < () >,ok,TODO,,,
model/conformer/subsampling.py,calc_length,"(lengths, all_paddings, kernel_size, stride, ceil_mode, repeat_num)",∅,model/conformer/subsampling.rs,calc_length,"(usize, i64, i64, i64, bool, usize)",usize,ok,TODO,,,
model/conformer/subsampling.py,MaskedConvSequential.forward,"(x, lengths)",∅,model/conformer/subsampling.rs,MaskedConvSequential::forward,"(& Tensor, & [usize], i64, i64, (i64 , i64))","Result < (Tensor , Vec < usize >) >",ARITY py2/rs5,TODO,,,
model/conformer/subsampling.py,MaskedConvSequential._create_mask,"(tensor, lengths)",∅,model/conformer/subsampling.rs,MaskedConvSequential::create_mask,"(& Tensor, & [usize])",Result < Tensor >,ok,TODO,,,
model/conformer/subsampling.py,apply_channel_mask,"(tensor, mask)",∅,model/conformer/subsampling.rs,apply_channel_mask,"(& Tensor, & Tensor)",Result < Tensor >,ok,TODO,,,
model/conformer/subsampling.py,calculate_conv_output_size,"(input_size: torch.Tensor, kernel_size: int, stride: int, padding: tuple[int, int])",∅,model/conformer/subsampling.rs,calculate_conv_output_size,"(i64, i64, i64, (i64 , i64))",i64,ok,TODO,,,
model/conformer/utils.py,avoid_float16_autocast_context,(),∅,model/conformer/utils.rs,avoid_float16_autocast_context,(),(),ok,STUB,no-op,—,NeMo autocast helper (avoid float16 via cuda f32/bf16 autocast); Rust explicit-dtype no autocast -> no-op; off-path
model/conformer/utils.py,compute_stochastic_depth_drop_probs,"(num_layers: int, stochastic_depth_drop_prob: float, stochastic_depth_mode: str, stochastic_depth_start_layer: int)",list[float],model/conformer/utils.rs,compute_stochastic_depth_drop_probs,"(usize, f64, & str, usize)",Vec < f64 >,ok,FAITHFUL,ValueError->panic,—,line-for-line: validations + [0]*start_layer + linear(l/L*p l=1..L)/uniform(p*L) branches identical; training regularizer (off-path at inference drop_prob=0)
model/lfm2_audio.py,LFM2AudioModel.__init__,(conf: LFM2AudioConfig),∅,model/lfm2_audio.rs,LFM2AudioModel::new,"(Lfm2Config, & ConformerEncoderConfig, & DepthformerConfig, usize, usize, usize, & LossConf, VarBuilder)",Result < Self >,ok,TODO,,,
model/lfm2_audio.py,LFM2AudioModel.from_pretrained,"(repo_id: str | Path, revision: str | None, dtype: torch.dtype, device: torch.device | str)",Self,model/lfm2_audio.rs,LFM2AudioModel::from_pretrained,"(& std :: path :: Path, DType, & candle_core :: Device)","Result < (Self , crate :: processor :: LFM2AudioProcessor) >",ARITY py4/rs3,TODO,,,
model/lfm2_audio.py,LFM2AudioModel.generate_sequential,"(text: torch.Tensor, audio_in: torch.Tensor, audio_in_lens: torch.Tensor, audio_out: torch.Tensor, modality_flag: torch.Tensor, max_new_tokens: int, text_temperature: float | None, text_top_k: int | None, audio_temperature: float | None, audio_top_k: int | None)","Generator[torch.Tensor, None, None]",model/lfm2_audio.rs,LFM2AudioModel::generate_sequential,"(& ChatState, & GenParams, F)",Result < () >,ARITY py10/rs3 RET-py-returns-rust-unit,TODO,,,
model/lfm2_audio.py,LFM2AudioModel.generate_interleaved,"(text: torch.Tensor, audio_in: torch.Tensor, audio_in_lens: torch.Tensor, audio_out: torch.Tensor, modality_flag: torch.Tensor, max_new_tokens: int, text_temperature: float | None, text_top_k: int | None, audio_temperature: float | None, audio_top_k: int | None)","Generator[torch.Tensor, None, None]",model/lfm2_audio.rs,LFM2AudioModel::generate_interleaved,"(& ChatState, & GenParams, F)",Result < () >,ARITY py10/rs3 RET-py-returns-rust-unit,TODO,,,
model/lfm2_audio.py,LFM2AudioModel._prefill,"(text: torch.Tensor, audio_in: torch.Tensor, audio_in_lens: torch.Tensor, audio_out: torch.Tensor, modality_flag: torch.Tensor)",torch.Tensor,model/lfm2_audio.rs,LFM2AudioModel::prefill,(& ChatState),Result < Tensor >,ARITY py5/rs1,FIXED,dtype u32-read,7fccde8,prefill_inputs modality + audio_in_lens read u32->i64 (lens unwrap_or_default would silently drop audio-in on i64)
model/lfm2_audio.py,LFM2AudioModel.logits,(batch: LFM2AudioModelInput),"tuple[torch.Tensor, torch.Tensor, torch.Tensor, torch.Tensor]",model/lfm2_audio.rs,LFM2AudioModel::logits,(& LFM2AudioModelInput),"Result < (Tensor , Tensor , Tensor , Tensor) >",ok,FIXED,dtype u32-read,7fccde8,modality read to_vec1::<u32>()->i64; prefill parity preserved 1.118e-6
model/lfm2_audio.py,LFM2AudioModel.forward,(batch: LFM2AudioModelInput),LFM2AudioModelOutput,model/lfm2_audio.rs,LFM2AudioModel::forward,(& LFM2AudioModelInput),Result < LFM2AudioModelOutput >,ok,TODO,,,
model/lfm2_audio.py,LFM2AudioModel._sample_text_token,"(logits: torch.Tensor, temperature: float | None, top_k: int | None)",torch.Tensor,model/lfm2_audio.rs,LFM2AudioModel::sample_text_token,"(& Tensor, & mut Sampler)",Result < u32 >,ARITY py3/rs2,TODO,,,
model/lfm2_audio.py,LFM2AudioModel._sample_audio_frame,"(embedding: torch.Tensor, temperature: float | None, top_k: int | None)",torch.Tensor,model/lfm2_audio.rs,LFM2AudioModel::sample_audio_frame,"(& Tensor, & mut Sampler)",Result < Vec < u32 > >,ARITY py3/rs2,TODO,,,
model/mlp.py,MLP.__init__,"(in_channels: int, out_channels: int, hidden_dim: list[int], bias: bool, use_layer_norm: bool, dropout: float)",∅,model/mlp.rs,MLP::new,"(usize, usize, & [usize], bool, bool, f64, VarBuilder)",Result < Self >,ok,FAITHFUL,ctor (vb param),—,same Sequential [LayerNorm(eps1e-5)?]+(Linear[bias][
model/mlp.py,MLP.forward,(x: torch.Tensor),torch.Tensor,model/mlp.rs,MLP::forward,(& Tensor),Result < Tensor >,ok,FAITHFUL,—,—,self.model(x)
model/transformer.py,SequenceModel.__init__,"(*args, **kwargs)",None,model/transformer.rs,SequenceModel::new,(),(),ok,TODO,,,
model/transformer.py,SequenceModel.forward,"(x: torch.Tensor, cache: CacheType)",torch.Tensor,model/transformer.rs,SequenceModel::forward,"(& Tensor, Option < & mut [LayerKvCache] >)",Result < Tensor >,ok,TODO,,,
model/transformer.py,SequenceModel.forward_cached,"(x: torch.Tensor, cache: CacheType)","tuple[torch.Tensor, CacheType]",model/transformer.rs,SequenceModel::forward_cached,"(& Tensor, Option < Vec < LayerCache > >)","Result < (Tensor , Vec < LayerCache >) >",ok,TODO,,,
model/transformer.py,LayerKVCache.__init__,"(cache: tuple[torch.Tensor, torch.Tensor] | None)",None,model/transformer.rs,LayerKvCache::new,(),Self,ok,TODO,,,
model/transformer.py,LayerKVCache.update,"(k: torch.Tensor, v: torch.Tensor)","tuple[torch.Tensor, torch.Tensor]",model/transformer.rs,LayerKvCache::update,"(& Tensor, & Tensor)","Result < (Tensor , Tensor) >",ok,TODO,,,
model/transformer.py,LayerKVCache.get_cache_size,(),int,model/transformer.rs,LayerKvCache::get_cache_size,(),usize,ok,TODO,,,
model/transformer.py,RMSNorm.__init__,"(dim: int, eps: float)",None,model/transformer.rs,RmsNorm::new,"(usize, f64, VarBuilder)",Result < Self >,ok,TODO,,,
model/transformer.py,RMSNorm._norm,(x: torch.Tensor),torch.Tensor,model/transformer.rs,RmsNorm::norm,(& Tensor),Result < Tensor >,ok,TODO,,,
model/transformer.py,RMSNorm.forward,"(x: torch.Tensor, cache: CacheType)",torch.Tensor,model/transformer.rs,RmsNorm::forward,(& Tensor),Result < Tensor >,ARITY py2/rs1,TODO,,,
model/transformer.py,RMSNorm.forward_cached,"(x: torch.Tensor, cache: CacheType)","tuple[torch.Tensor, CacheType]",model/transformer.rs,RmsNorm::forward_cached,(& Tensor),"Result < (Tensor , LayerCache) >",ARITY py2/rs1,TODO,,,
model/transformer.py,GLU.__init__,"(dim: int, ff_dim: int | None, mlp_init_scale: float, out_init_scale: float, use_swiglu: bool, multiple_of: int, ffn_dim_multiplier: float)",∅,model/transformer.rs,Glu::new,"(usize, Option < usize >, bool, usize, f64, VarBuilder)",Result < Self >,ok,TODO,,,
model/transformer.py,GLU.forward,"(x: torch.Tensor, cache: CacheType)",torch.Tensor,model/transformer.rs,Glu::forward,(& Tensor),Result < Tensor >,ARITY py2/rs1,TODO,,,
model/transformer.py,GLU.forward_cached,"(x: torch.Tensor, cache: CacheType)","tuple[torch.Tensor, CacheType]",model/transformer.rs,Glu::forward_cached,(& Tensor),"Result < (Tensor , LayerCache) >",ARITY py2/rs1,TODO,,,
model/transformer.py,BoundedAttention.__init__,"(dim: int, num_heads: int, head_style: Literal['mha', 'gqa', 'mqa'], gqa_dim: int | None, qk_layernorm: bool, norm_eps: float)",None,model/transformer.rs,BoundedAttention::new,"(usize, usize, HeadStyle, usize, bool, f64, VarBuilder)",Result < Self >,ok,TODO,,,
model/transformer.py,BoundedAttention.forward,"(q: torch.Tensor, k: torch.Tensor, v: torch.Tensor, freqs_cis: torch.Tensor | None, cache: LayerKVCache | None)","tuple[torch.Tensor, tuple[torch.Tensor, torch.Tensor]]",model/transformer.rs,BoundedAttention::forward,"(& Tensor, & Tensor, & Tensor, & Tensor, & Tensor, Option < & mut LayerKvCache >)",Result < Tensor >,ARITY py5/rs6,TODO,,,
model/transformer.py,MHA.__init__,"(dim: int, num_heads: int, head_style: Literal['mha', 'gqa', 'mqa'], out_init_scale: float, proj_init_scale: float, qk_layernorm: bool, norm_eps: float, gqa_dim: int, freqs_cis: torch.Tensor | None, max_seq_len: int, theta: float)",∅,model/transformer.rs,Mha::new,"(usize, usize, HeadStyle, bool, f64, usize, usize, f64, VarBuilder)",Result < Self >,ok,TODO,,,
model/transformer.py,MHA._validate_cache,(cache: CacheType),"TypeGuard[tuple[torch.Tensor, torch.Tensor]]",model/transformer.rs,Mha::validate_cache,(& LayerCache),bool,ok,TODO,,,
model/transformer.py,MHA.forward,"(x: torch.Tensor, cache: CacheType)",torch.Tensor,model/transformer.rs,Mha::forward,"(& Tensor, Option < & mut LayerKvCache >)",Result < Tensor >,ok,TODO,,,
model/transformer.py,MHA.forward_cached,"(x: torch.Tensor, cache: CacheType)","tuple[torch.Tensor, CacheType]",model/transformer.rs,Mha::forward_cached,"(& Tensor, LayerCache)","Result < (Tensor , LayerCache) >",ok,TODO,,,
model/transformer.py,StandardBlock.__init__,"(operator: SequenceModel, ff_dim: int | None, mlp_init_scale: float, out_init_scale: float, use_swiglu: bool, multiple_of: int, ffn_dim_multiplier: float, norm_eps: float)",∅,model/transformer.rs,StandardBlock::new,"(Mha, Option < usize >, bool, usize, f64, f64, VarBuilder)",Result < Self >,ok,TODO,,,
model/transformer.py,StandardBlock.forward,"(x: torch.Tensor, cache: CacheType)",torch.Tensor,model/transformer.rs,StandardBlock::forward,"(& Tensor, Option < & mut LayerKvCache >)",Result < Tensor >,ok,TODO,,,
model/transformer.py,StandardBlock.forward_cached,"(x: torch.Tensor, cache: CacheType | None)","tuple[torch.Tensor, CacheType]",model/transformer.rs,StandardBlock::forward_cached,"(& Tensor, LayerCache)","Result < (Tensor , LayerCache) >",ok,TODO,,,
model/transformer.py,apply_rotary_emb,"(xq: torch.Tensor, xk: torch.Tensor, freqs_cis: torch.Tensor)","tuple[torch.Tensor, torch.Tensor]",model/transformer.rs,apply_rotary_emb,"(& Tensor, & Tensor, & Tensor, & Tensor)","Result < (Tensor , Tensor) >",ARITY py3/rs4,TODO,,,
model/transformer.py,reshape_for_broadcast,"(freqs_cis: torch.Tensor, x: torch.Tensor)",torch.Tensor,model/transformer.rs,reshape_for_broadcast,"(& Tensor, & Tensor)",Result < Tensor >,ok,TODO,,,
model/transformer.py,precompute_freqs_cis,"(dim: int, end: int, theta: float)",torch.Tensor,model/transformer.rs,precompute_freqs_cis,"(usize, usize, f64, & Device)","Result < (Tensor , Tensor) >",ARITY py3/rs4,TODO,,,
model/transformer.py,SharedEmbedding.__init__,"(dim: int, vocab_size: int, embed_init_scale: float, norm_eps: float, tie_embedding: bool)",None,model/transformer.rs,SharedEmbedding::new,"(usize, usize, f64, VarBuilder)",Result < Self >,ok,TODO,,,
model/transformer.py,SharedEmbedding.forward,(tokens: torch.Tensor),torch.Tensor,model/transformer.rs,SharedEmbedding::forward,(& Tensor),Result < Tensor >,ok,TODO,,,
model/transformer.py,SharedEmbedding.embed,(tokens: torch.Tensor),torch.Tensor,model/transformer.rs,SharedEmbedding::embed,(& Tensor),Result < Tensor >,ok,TODO,,,
model/transformer.py,SharedEmbedding.get_logits,(embeddings: torch.Tensor),torch.Tensor,model/transformer.rs,SharedEmbedding::get_logits,(& Tensor),Result < Tensor >,ok,TODO,,,
model/transformer.py,RawLMBackbone.__init__,"(layers: Iterable[SequenceModel], vocab_size: int, norm_eps: float, embed_init_scale: float, has_embedding: bool, tie_embedding: bool)",None,model/transformer.rs,RawLmBackbone::new,"(Vec < StandardBlock >, Option < SharedEmbedding >, usize)",Self,ok,TODO,,,
model/transformer.py,RawLMBackbone.forward,"(x: torch.Tensor, cache: CacheType | None)",torch.Tensor,model/transformer.rs,RawLmBackbone::forward,"(& Tensor, Option < & mut [LayerKvCache] >)",Result < Tensor >,ok,TODO,,,
model/transformer.py,RawLMBackbone.forward_cached,"(x: torch.Tensor, cache: CacheType | None)","tuple[torch.Tensor, CacheType]",model/transformer.rs,RawLmBackbone::forward_cached,"(& Tensor, Option < Vec < LayerCache > >)","Result < (Tensor , Vec < LayerCache >) >",ok,TODO,,,
model/transformer.py,wrap_activation_checkpoint,(mod: T),T,model/transformer.rs,wrap_activation_checkpoint,(T),T,ok,TODO,,,
processor.py,LFM2AudioProcessor.__init__,"(text_tokenizer_path: str, audio_processor_config: PreprocessorConfig, mimi_weights_path: str | None, detokenizer_path: str | None, name: str | None)",None,processor.rs,LFM2AudioProcessor::new,"(Tokenizer, FilterbankFeatures, Option < Box < dyn AudioDetokenizer > >, Device)",Self,ok,TODO,,,
processor.py,LFM2AudioProcessor.from_pretrained,"(repo_id: str | Path, revision: str | None, device: torch.device | str)",Self,processor.rs,LFM2AudioProcessor::from_pretrained,"(& Path, candle_core :: DType, & Device)",Result < Self >,ok,TODO,,,
processor.py,LFM2AudioProcessor.to,"(device: str | torch.device | None, dtype: torch.dtype | None)",Self,processor.rs,LFM2AudioProcessor::to,(),(),ARITY py2/rs0 RET-py-returns-rust-unit,FAITHFUL,no-op,—,device-agnostic (device at construction); documented no-op
processor.py,LFM2AudioProcessor.eval,(),Self,processor.rs,LFM2AudioProcessor::eval,(),(),RET-py-returns-rust-unit,FAITHFUL,no-op,—,training-mode toggle; inference always eval; documented no-op
processor.py,LFM2AudioProcessor.train,(),Self,processor.rs,LFM2AudioProcessor::train,(),(),RET-py-returns-rust-unit,FAITHFUL,no-op,—,see eval
processor.py,LFM2AudioProcessor.text,(),PreTrainedTokenizer,processor.rs,LFM2AudioProcessor::text,(),& Tokenizer,ok,TODO,,,
processor.py,LFM2AudioProcessor.audio,(),AudioToMelSpectrogramPreprocessor,processor.rs,LFM2AudioProcessor::audio,(),& FilterbankFeatures,ok,TODO,,,
processor.py,LFM2AudioProcessor.mimi,(),MimiModel,processor.rs,LFM2AudioProcessor::mimi,(),Option < & dyn AudioDetokenizer >,ok,TODO,,,
processor.py,LFM2AudioProcessor.audio_detokenizer,(),LFM2AudioDetokenizer,processor.rs,LFM2AudioProcessor::audio_detokenizer,(),Option < & dyn AudioDetokenizer >,ok,TODO,,,
processor.py,LFM2AudioProcessor.decode,(audio_codes: torch.Tensor),torch.Tensor,processor.rs,LFM2AudioProcessor::decode,(& Tensor),Result < Tensor >,ok,FAITHFUL,—,—,code-range guard [0
processor.py,LFM2AudioProcessor.device,(),torch.device,processor.rs,LFM2AudioProcessor::device,(),& Device,ok,TODO,,,
processor.py,ChatState.__init__,"(processor: LFM2AudioProcessor, codebooks: int, dtype: torch.dtype)",None,processor.rs,ChatState < 'a >::new,"(& 'a LFM2AudioProcessor, usize)",Result < Self >,ok,FIXED,dtype int64->u32,f5bb6d0,text/audio_out(new_empty)/modality(full_like)/lens all long; were U32 now I64; audio_in stays F32
processor.py,ChatState.__repr__,(),str,processor.rs,ChatState < '_ >::fmt,(& mut std :: fmt :: Formatter < '_ >),std :: fmt :: Result,ARITY py0/rs1,TODO,,,
processor.py,ChatState.__getitem__,(name: str),Any,processor.rs,ChatState < '_ >::get,(& str),Result < & Tensor >,ok,FAITHFUL,—,—,Mapping over model_inputs
processor.py,ChatState.__iter__,(),Iterator[str],processor.rs,ChatState < '_ >::iter,(),impl Iterator < Item = & 'static str >,ok,FAITHFUL,—,—,Mapping
processor.py,ChatState.__len__,(),int,processor.rs,ChatState < '_ >::len,(),usize,ok,FAITHFUL,—,—,Mapping
processor.py,ChatState.device,(),torch.device,processor.rs,ChatState < '_ >::device,(),& Device,ok,TODO,,,
processor.py,ChatState.add_text,(text: str),None,processor.rs,ChatState < 'a >::add_text,(& str),Result < () >,ok,FIXED,dtype int64->u32,f5bb6d0,modality_flag from_vec i64
processor.py,ChatState.add_audio,"(wave: torch.Tensor, sampling_rate: int)",None,processor.rs,ChatState < 'a >::add_audio,"(& Tensor, u32)",Result < () >,ok,FIXED,dtype int64->u32,f5bb6d0,resample(windowed-sinc)->mel->append; modality + frame-len i64; 3 torch.cat match
processor.py,ChatState.end_turn,(),None,processor.rs,ChatState < 'a >::end_turn,(),Result < () >,ok,TODO,,,
processor.py,ChatState.new_turn,"(role: Literal['system', 'user', 'assistant'])",None,processor.rs,ChatState < 'a >::new_turn,(& str),Result < () >,ok,TODO,,,
processor.py,ChatState.append,"(text: torch.Tensor, audio_out: torch.Tensor, modality_flag: torch.Tensor)",∅,processor.rs,ChatState < 'a >::append,"(& Tensor, & Tensor, & Tensor)",Result < () >,ok,FIXED,dtype int64->u32,f5bb6d0,invariants (1 text row / codebooks audio rows / flag==text+audio) match; cast incoming ids to i64 at cat
trainer.py,Trainer.__init__,"(model_id: str, train_data: LFM2DataLoader | None, val_data: LFM2DataLoader | None, lr: float, betas: tuple[float, float], weight_decay: float, min_ratio: float, max_steps: int, warmup_steps: int, batch_size: int, dataloader_num_workers: int, logging_interval: int, save_interval: int, val_interval: int, output_dir: str)",None,trainer.rs,Trainer::new,"(& Path, TrainerConfig, & Device, Box < dyn DataIter >, Option < Box < dyn DataIter > >)",Result < Self >,ok,TODO,,,
trainer.py,Trainer.train,(),None,trainer.rs,Trainer::train,(),Result < () >,ok,TODO,,,
trainer.py,Trainer.train_step,(batch: LFM2AudioModelInput),LFM2AudioModelOutput,trainer.rs,Trainer::train_step,(& LFM2AudioModelInput),Result < LFM2AudioModelOutput >,ok,TODO,,,
trainer.py,Trainer.validate,(),None,trainer.rs,Trainer::validate,(),Result < () >,ok,TODO,,,
trainer.py,Trainer.log,(model_output: LFM2AudioModelOutput),None,trainer.rs,Trainer::log,(& LFM2AudioModelOutput),Result < () >,ok,TODO,,,
utils.py,mel2emb_len,(l: T),T,utils.rs,mel2emb_len,(i64),i64,ok,TODO,,,
utils.py,emb2mel_len,(l: T),T,utils.rs,emb2mel_len,(i64),i64,ok,TODO,,,
utils.py,module_exists,(name: str),bool,utils.rs,module_exists,(& str),bool,ok,TODO,,,
utils.py,get_model_dir,"(repo_id: str | Path, revision: str | None)",Path,utils.rs,get_model_dir,"(& str, Option < & str >)",std :: io :: Result < std :: path :: PathBuf >,ok,TODO,,,
